First name,Family name,Email,Reviews assigned,Reviews incomplete,Reviews declined,ORCID,Name prefix,Middle initial,Name suffix,Affil 1 Dept/School/Lab,Affil 1 Institution,Affil 1 City,Affil 1 State,Affil 1 Country,Affil 2 Dept/School/Lab,Affil 2 Institution,Affil 2 City,Affil 2 State,Affil 2 Country,Affil 3 Dept/School/Lab,Affil 3 Institution,Affil 3 City,Affil 3 State,Affil 3 Country,Affil 4 Dept/School/Lab,Affil 4 Institution,Affil 4 City,Affil 4 State,Affil 4 Country,Affil 5 Dept/School/Lab,Affil 5 Institution,Affil 5 City,Affil 5 State,Affil 5 Country,Affil 6 Dept/School/Lab,Affil 6 Institution,Affil 6 City,Affil 6 State,Affil 6 Country
Reviewer,Full Name 01,email@institution.org,2,1,0,,,,,,Affiliation,,,Country,,,,,,,,,,,,,,,,,,,,,,,,,
Reviewer,Full Name 02,email@institution.org,3,0,0,,,,,,Affiliation,,,Country,,,,,,,,,,,,,,,,,,,,,,,,,
Reviewer,Full Name 03,email@institution.org,5,5,0,,,,,,Affiliation,,,Country,,,,,,,,,,,,,,,,,,,,,,,,,
Reviewer,Full Name 04,email@institution.org,1,0,0,,,,,,Affiliation,,,Country,,,,,,,,,,,,,,,,,,,,,,,,,
Reviewer,Full Name 05,email@institution.org,1,0,0,,,,,,Affiliation,,,Country,,,,,,,,,,,,,,,,,,,,,,,,,
Reviewer,Full Name 06,email@institution.org,1,0,0,,,,,,Affiliation,,,Country,,,,,,,,,,,,,,,,,,,,,,,,,
Reviewer,Full Name 07,email@institution.org,1,0,0,,,,,,Affiliation,,,Country,,,,,,,,,,,,,,,,,,,,,,,,,
Reviewer,Full Name 08,email@institution.org,1,0,0,,,,,,Affiliation,,,Country,,,,,,,,,,,,,,,,,,,,,,,,,
Reviewer,Full Name 09,email@institution.org,1,0,0,,,,,,Affiliation,,,Country,,,,,,,,,,,,,,,,,,,,,,,,,
Reviewer,Full Name 10,email@institution.org,1,0,0,,,,,,Affiliation,,,Country,,,,,,,,,,,,,,,,,,,,,,,,,
Reviewer,Full Name 11,email@institution.org,1,0,0,,,,,,Affiliation,,,Country,,,,,,,,,,,,,,,,,,,,,,,,,
Reviewer,Full Name 12,email@institution.org,1,0,0,,,,,,Affiliation,,,Country,,,,,,,,,,,,,,,,,,,,,,,,,
Reviewer,Full Name 13,email@institution.org,1,0,0,,,,,,Affiliation,,,Country,,,,,,,,,,,,,,,,,,,,,,,,,
Reviewer,Full Name 14,email@institution.org,1,0,0,,,,,,Affiliation,,,Country,,,,,,,,,,,,,,,,,,,,,,,,,
Reviewer,Full Name 15,email@institution.org,1,0,0,,,,,,Affiliation,,,Country,,,,,,,,,,,,,,,,,,,,,,,,,
Reviewer,Full Name 16,email@institution.org,1,0,0,,,,,,Affiliation,,,Country,,,,,,,,,,,,,,,,,,,,,,,,,
Reviewer,Full Name 17,email@institution.org,1,0,0,,,,,,Affiliation,,,Country,,,,,,,,,,,,,,,,,,,,,,,,,
Reviewer,Full Name 18,email@institution.org,1,0,0,,,,,,Affiliation,,,Country,,,,,,,,,,,,,,,,,,,,,,,,,
Reviewer,Full Name 19,email@institution.org,1,0,0,,,,,,Affiliation,,,Country,,,,,,,,,,,,,,,,,,,,,,,,,
Reviewer,Full Name 20,email@institution.org,1,0,0,,,,,,Affiliation,,,Country,,,,,,,,,,,,,,,,,,,,,,,,,
Reviewer,Full Name 21,email@institution.org,1,0,0,,,,,,Affiliation,,,Country,,,,,,,,,,,,,,,,,,,,,,,,,
Reviewer,Full Name 22,email@institution.org,1,0,0,,,,,,Affiliation,,,Country,,,,,,,,,,,,,,,,,,,,,,,,,
Reviewer,Full Name 23,email@institution.org,1,0,0,,,,,,Affiliation,,,Country,,,,,,,,,,,,,,,,,,,,,,,,,
Reviewer,Full Name 24,email@institution.org,1,0,0,,,,,,Affiliation,,,Country,,,,,,,,,,,,,,,,,,,,,,,,,
Reviewer,Full Name 25,email@institution.org,1,0,0,,,,,,Affiliation,,,Country,,,,,,,,,,,,,,,,,,,,,,,,,
Reviewer,Full Name 26,email@institution.org,1,0,0,,,,,,Affiliation,,,Country,,,,,,,,,,,,,,,,,,,,,,,,,
Reviewer,Full Name 27,email@institution.org,1,0,0,,,,,,Affiliation,,,Country,,,,,,,,,,,,,,,,,,,,,,,,,
Reviewer,Full Name 28,email@institution.org,1,0,0,,,,,,Affiliation,,,Country,,,,,,,,,,,,,,,,,,,,,,,,,
Reviewer,Full Name 29,email@institution.org,1,0,0,,,,,,Affiliation,,,Country,,,,,,,,,,,,,,,,,,,,,,,,,
Reviewer,Full Name 30,email@institution.org,1,0,0,,,,,,Affiliation,,,Country,,,,,,,,,,,,,,,,,,,,,,,,,
Reviewer,Full Name 31,email@institution.org,1,0,0,,,,,,Affiliation,,,Country,,,,,,,,,,,,,,,,,,,,,,,,,
Reviewer,Full Name 32,email@institution.org,1,0,0,,,,,,Affiliation,,,Country,,,,,,,,,,,,,,,,,,,,,,,,,
Reviewer,Full Name 33,email@institution.org,1,0,0,,,,,,Affiliation,,,Country,,,,,,,,,,,,,,,,,,,,,,,,,
Reviewer,Full Name 34,email@institution.org,1,0,0,,,,,,Affiliation,,,Country,,,,,,,,,,,,,,,,,,,,,,,,,
Reviewer,Full Name 35,email@institution.org,1,0,0,,,,,,Affiliation,,,Country,,,,,,,,,,,,,,,,,,,,,,,,,