Name,Affiliation,Country,ORCID,Position,VenueId
First General Chair Full Name,Affiliation,Country,0000-0001-2345-6789,General Chairs
Second General Chair Full Name,Affiliation,Country,0000-0001-2345-6789,General Chairs
First Chair Full Name,Affiliation,Country,0000-0001-2345-6789,Assistants to General Chairs
Second Chair Full Name,Affiliation,Country,0000-0001-2345-6789,Assistants to General Chairs
First Technical Program Chair Full Name,Affiliation,Country,0000-0001-2345-6789,Technical Program Chairs
Second Technical Program Chair Full Name,Affiliation,Country,0000-0001-2345-6789,Technical Program Chairs
First Paper Chair Full Name,Affiliation,Country,0000-0001-2345-6789,Papers Chairs,paper
Second Paper Chair Full Name,Affiliation,Country,0000-0001-2345-6789,Papers Chairs,paper
First Chair Full Name,Affiliation,Country,0000-0001-2345-6789,Assistants to Papers Chairs
First Chair Full Name,Affiliation,Country,0000-0001-2345-6789,Assistants to Papers Chairs
First Chair Full Name,Affiliation,Country,0000-0001-2345-6789,Late-Breaking Work Chairs,lbw
Second Chair Full Name,Affiliation,Country,0000-0001-2345-6789,Late-Breaking Work Chairs,lbw
First Chair Full Name,Affiliation,Country,0000-0001-2345-6789,Demonstration Chairs,demo
Second Chair Full Name,Affiliation,Country,0000-0001-2345-6789,Demonstration Chairs,demo
First Chair Full Name,Affiliation,Country,0000-0001-2345-6789,Student Research Competition Chairs
Second Chair Full Name,Affiliation,Country,0000-0001-2345-6789,Student Research Competition Chairs
First Chair Full Name,Affiliation,Country,0000-0001-2345-6789,Doctoral Consortium Chairs,dc
Second Chair Full Name,Affiliation,Country,0000-0001-2345-6789,Doctoral Consortium Chairs,dc
First Chair Full Name,Affiliation,Country,0000-0001-2345-6789,Workshop Chairs,ws
Second Chair Full Name,Affiliation,Country,0000-0001-2345-6789,Workshop Chairs,ws
First Chair Full Name,Affiliation,Country,0000-0001-2345-6789,Proceedings Chairs
Second Chair Full Name,Affiliation,Country,0000-0001-2345-6789,Proceedings Chairs
First Chair Full Name,Affiliation,Country,0000-0001-2345-6789,Web Chairs
Second Chair Full Name,Affiliation,Country,0000-0001-2345-6789,Web Chairs
First Chair Full Name,Affiliation,Country,0000-0001-2345-6789,Accessibility Chairs
Second Chair Full Name,Affiliation,Country,0000-0001-2345-6789,Accessibility Chairs
First Chair Full Name,Affiliation,Country,0000-0001-2345-6789,Student Volunteer Chairs
Second Chair Full Name,Affiliation,Country,0000-0001-2345-6789,Student Volunteer Chairs
First Chair Full Name,Affiliation,Country,0000-0001-2345-6789,Local Chairs
Second Chair Full Name,Affiliation,Country,0000-0001-2345-6789,Local Chairs